{"cameraMode":{"drawMode":0,"name":"Shaded","section":"Shading Mode"},"sceneLighting":true,"audioPlay":false,"sceneViewState":{"showFog":true,"showMaterialUpdate":false,"showSkybox":true,"showFlares":true,"showImageEffects":true,"showParticleSystems":true},"in2DMode":false,"pivot":{"x":-2.7742042541503908,"y":0.08201944828033447,"z":-0.3937200903892517},"rotation":{"x":-0.11757391691207886,"y":0.6629190444946289,"z":-0.10652631521224976,"w":-0.7316876649856567},"size":5.246545314788818,"orthographic":false}